,gene_id,gene_name
53,ENSG00000078808,SDF4
57,ENSG00000160087,UBE2J2
67,ENSG00000175756,AURKAIP1
68,ENSG00000221978,CCNL2
70,ENSG00000242485,MRPL20
81,ENSG00000160075,SSU72
85,ENSG00000197530,MIB2
94,ENSG00000078369,GNB1
113,ENSG00000157916,RER1
121,ENSG00000157873,TNFRSF14
151,ENSG00000198912,C1orf174
163,ENSG00000069424,KCNAB2
201,ENSG00000116288,PARK7
227,ENSG00000178585,CTNNBIP1
248,ENSG00000116649,SRM
263,ENSG00000177674,AGTRAP
276,ENSG00000028137,TNFRSF1B
326,ENSG00000142634,EFHD2
361,ENSG00000055070,SZRD1
363,ENSG00000157191,NECAP2
371,ENSG00000215908,CROCCP2
405,ENSG00000127481,UBR4
410,ENSG00000053371,AKR7A2
415,ENSG00000173436,MINOS1
439,ENSG00000158825,CDA
446,ENSG00000127483,HP1BP3
457,ENSG00000090686,USP48
464,ENSG00000070831,CDC42
517,ENSG00000133226,SRRM1
524,ENSG00000117614,SYF2
525,ENSG00000117616,C1orf63
528,ENSG00000183726,TMEM50A
531,ENSG00000157978,LDLRAP1
565,ENSG00000117676,RPS6KA1
574,ENSG00000090273,NUDC
583,ENSG00000142765,SYTL1
588,ENSG00000158195,WASF2
592,ENSG00000000938,FGR
594,ENSG00000126709,IFI6
597,ENSG00000117758,STX12
601,ENSG00000117748,RPA2
607,ENSG00000126698,DNAJC8
610,ENSG00000130770,ATPIF1
619,ENSG00000120656,TAF12
651,ENSG00000060688,SNRNP40
652,ENSG00000121766,ZCCHC17
671,ENSG00000184007,PTP4A2
674,ENSG00000121774,KHDRBS1
686,ENSG00000182866,LCK
688,ENSG00000175130,MARCKSL1
696,ENSG00000176261,ZBTB8OS
709,ENSG00000004455,AK2
723,ENSG00000163866,SMIM12
735,ENSG00000116560,SFPQ
742,ENSG00000126067,PSMB2
754,ENSG00000054116,TRAPPC3
761,ENSG00000181817,LSM10
763,ENSG00000116898,MRPS15
770,ENSG00000163875,MEAF6
793,ENSG00000116954,RRAGC
795,ENSG00000214114,MYCBP
798,ENSG00000174574,AKIRIN1
799,ENSG00000168653,NDUFS5
811,ENSG00000084072,PPIE
819,ENSG00000131236,CAP1
820,ENSG00000131238,PPT1
826,ENSG00000084070,SMAP2
855,ENSG00000127125,PPCS
864,ENSG00000177868,CCDC23
879,ENSG00000066322,ELOVL1
895,ENSG00000117410,ATP6V0B
910,ENSG00000173846,PLK3
924,ENSG00000117450,PRDX1
925,ENSG00000117448,AKR1A1
926,ENSG00000132780,NASP
928,ENSG00000159592,GPBP1L1
966,ENSG00000162368,CMPK1
998,ENSG00000123091,RNF11
1006,ENSG00000078618,NRD1
1010,ENSG00000117862,TXNDC12
1020,ENSG00000134744,ZCCHC11
1023,ENSG00000182183,FAM159A
1028,ENSG00000121310,ECHDC2
1029,ENSG00000116171,SCP2
1036,ENSG00000162384,C1orf123
1038,ENSG00000162385,MAGOH
1131,ENSG00000162604,TM2D1
1136,ENSG00000162607,USP1
1156,ENSG00000079739,PGM1
1162,ENSG00000162434,JAK1
1170,ENSG00000213625,LEPROT
1184,ENSG00000142864,SERBP1
1201,ENSG00000116754,SRSF11
1213,ENSG00000132485,ZRANB2
1241,ENSG00000137955,RABGGTB
1251,ENSG00000142892,PIGK
1259,ENSG00000162613,FUBP1
1264,ENSG00000137959,IFI44L
1287,ENSG00000174021,GNG5
1306,ENSG00000122417,ODF2L
1329,ENSG00000162645,GBP2
1332,ENSG00000154451,GBP5
1364,ENSG00000143033,MTF2
1367,ENSG00000117505,DR1
1421,ENSG00000156875,HIAT1
1478,ENSG00000134186,PRPF38B
1498,ENSG00000143106,PSMA5
1505,ENSG00000065135,GNAI3
1508,ENSG00000116337,AMPD2
1538,ENSG00000134248,LAMTOR5
1546,ENSG00000143119,CD53
1550,ENSG00000156171,DRAM2
1561,ENSG00000116459,ATP5F1
1562,ENSG00000143110,C1orf162
1577,ENSG00000116489,CAPZA1
1580,ENSG00000155366,RHOC
1607,ENSG00000116752,BCAS2
1611,ENSG00000009307,CSDE1
1612,ENSG00000052723,SIKE1
1627,ENSG00000163399,ATP1A1
1632,ENSG00000116815,CD58
1635,ENSG00000116824,CD2
1717,ENSG00000213240,NOTCH2NL
1735,ENSG00000121848,RNF115
1828,ENSG00000117362,APH1A
1831,ENSG00000187145,MRPS21
1842,ENSG00000143420,ENSA
1849,ENSG00000143418,CERS2
1857,ENSG00000197622,CDC42SE1
1862,ENSG00000163156,SCNM1
1867,ENSG00000159352,PSMD4
1870,ENSG00000143393,PI4KB
1876,ENSG00000159377,PSMB4
1887,ENSG00000143436,MRPL9
1955,ENSG00000163220,S100A9
1957,ENSG00000143546,S100A8
1972,ENSG00000160679,CHTOP
1974,ENSG00000143621,ILF2
1979,ENSG00000143554,SLC27A3
1991,ENSG00000143549,TPM3
1993,ENSG00000143612,C1orf43
1994,ENSG00000143569,UBAP2L
1995,ENSG00000143575,HAX1
2007,ENSG00000160710,ADAR
2010,ENSG00000163344,PMVK
2012,ENSG00000163346,PBXIP1
2030,ENSG00000163463,KRTCAP2
2044,ENSG00000160752,FDPS
2056,ENSG00000132680,KIAA0907
2058,ENSG00000116584,ARHGEF2
2063,ENSG00000116586,LAMTOR2
2077,ENSG00000163468,CCT3
2087,ENSG00000163382,APOA1BP
2104,ENSG00000027869,SH2D2A
2128,ENSG00000158481,CD1C
2146,ENSG00000163563,MNDA
2147,ENSG00000163564,PYHIN1
2161,ENSG00000158716,DUSP23
2194,ENSG00000066294,CD84
2199,ENSG00000122224,LY9
2207,ENSG00000215845,TSTD1
2214,ENSG00000143256,PFDN2
2223,ENSG00000158864,NDUFS2
2224,ENSG00000158869,FCER1G
2231,ENSG00000143252,SDHC
2235,ENSG00000143226,FCGR2A
2237,ENSG00000203747,FCGR3A
2242,ENSG00000132185,FCRLA
2257,ENSG00000117143,UAP1
2276,ENSG00000143198,MGST3
2277,ENSG00000143149,ALDH9A1
2279,ENSG00000143183,TMCO1
2300,ENSG00000198821,CD247
2304,ENSG00000198771,RCSD1
2308,ENSG00000143158,MPC2
2333,ENSG00000188404,SELL
2357,ENSG00000117523,PRRC2C
2373,ENSG00000117592,PRDX6
2387,ENSG00000152061,RABGAP1L
2390,ENSG00000116161,CACYBP
2393,ENSG00000235750,KIAA0040
2452,ENSG00000162783,IER5
2464,ENSG00000135821,GLUL
2482,ENSG00000116701,NCF2
2499,ENSG00000116679,IVNS1ABP
2507,ENSG00000047410,TPR
2541,ENSG00000090104,RGS1
2543,ENSG00000116741,RGS2
2620,ENSG00000134375,TIMM17A
2627,ENSG00000143851,PTPN7
2639,ENSG00000183155,RABIF
2641,ENSG00000159346,ADIPOR1
2654,ENSG00000159388,BTG2
2662,ENSG00000182004,SNRPE
2676,ENSG00000198625,MDM4
2697,ENSG00000069275,NUCKS1
2699,ENSG00000117280,RAB7L1
2717,ENSG00000136653,RASSF5
2726,ENSG00000162894,FAIM3
2736,ENSG00000196352,CD55
2759,ENSG00000009790,TRAF3IP3
2770,ENSG00000082512,TRAF5
2786,ENSG00000066027,PPP2R5A
2794,ENSG00000162772,ATF3
2841,ENSG00000136628,EPRS
2884,ENSG00000162909,CAPN2
2891,ENSG00000143753,DEGS1
2905,ENSG00000143742,SRP9
2915,ENSG00000163041,H3F3A
2926,ENSG00000163050,ADCK3
2939,ENSG00000143761,ARF1
2941,ENSG00000162910,MRPL55
2965,ENSG00000168118,RAB4A
2996,ENSG00000116906,GNPAT
2999,ENSG00000135766,EGLN1
3002,ENSG00000116918,TSNAX
3026,ENSG00000168264,IRF2BP2
3039,ENSG00000173726,TOMM20
3047,ENSG00000143669,LYST
3112,ENSG00000035687,ADSS
3115,ENSG00000203667,COX20
3117,ENSG00000153187,HNRNPU
3206,ENSG00000143727,ACP1
3245,ENSG00000032389,TSSC1
3249,ENSG00000182551,ADI1
3302,ENSG00000119185,ITGB1BP1
3304,ENSG00000134330,IAH1
3308,ENSG00000134308,YWHAQ
3326,ENSG00000115758,ODC1
3335,ENSG00000143870,PDIA6
3407,ENSG00000068697,LAPTM4A
3412,ENSG00000143878,RHOB
3446,ENSG00000115128,SF3B14
3454,ENSG00000198399,ITSN2
3477,ENSG00000084754,HADHA
3478,ENSG00000138029,HADHB
3502,ENSG00000138073,PREB
3506,ENSG00000138085,ATRAID
3517,ENSG00000115234,SNX17
3519,ENSG00000115241,PPM1G
3520,ENSG00000115216,NRBP1
3549,ENSG00000163811,WDR43
3558,ENSG00000119801,YPEL5
3559,ENSG00000213626,LBH
3572,ENSG00000162961,DPY30
3610,ENSG00000115816,CEBPZ
3616,ENSG00000163171,CDC42EP3
3656,ENSG00000143924,EML4
3657,ENSG00000115944,COX7A2L
3752,ENSG00000115306,SPTBN1
3758,ENSG00000115310,RTN4
3801,ENSG00000115484,CCT4
3803,ENSG00000173163,COMMD1
3814,ENSG00000014641,MDH1
3815,ENSG00000169764,UGP2
3837,ENSG00000138071,ACTR2
3873,ENSG00000115956,PLEK
3877,ENSG00000163219,ARHGAP25
3891,ENSG00000124380,SNRNP27
3902,ENSG00000143977,SNRPG
3937,ENSG00000135624,CCT7
3944,ENSG00000144048,DUSP11
3948,ENSG00000114956,DGUOK
3956,ENSG00000114978,MOB1A
3958,ENSG00000065911,MTHFD2
3979,ENSG00000115307,AUP1
3990,ENSG00000115350,POLE4
3996,ENSG00000115364,MRPL19
4023,ENSG00000163541,SUCLG1
4035,ENSG00000042493,CAPG
4040,ENSG00000168899,VAMP5
4041,ENSG00000168894,RNF181
4046,ENSG00000115523,GNLY
4059,ENSG00000115561,CHMP3
4064,ENSG00000153563,CD8A
4065,ENSG00000172116,CD8B
4073,ENSG00000172086,KRCC1
4081,ENSG00000153574,RPIA
4087,ENSG00000172005,MAL
4089,ENSG00000144029,MRPS5
4105,ENSG00000158050,DUSP2
4107,ENSG00000084090,STARD7
4109,ENSG00000144021,CIAO1
4115,ENSG00000196843,ARID5A
4122,ENSG00000213337,ANKRD39
4130,ENSG00000135940,COX5B
4131,ENSG00000115073,ACTR1B
4133,ENSG00000115085,ZAP70
4141,ENSG00000071073,MGAT4A
4149,ENSG00000158411,MITD1
4154,ENSG00000158417,EIF5B
4164,ENSG00000115539,PDCL3
4175,ENSG00000163162,RNF149
4179,ENSG00000071054,MAP4K4
4255,ENSG00000169756,LIMS1
4269,ENSG00000175701,LINC00116
4300,ENSG00000125611,CHCHD5
4334,ENSG00000115091,ACTR3
4343,ENSG00000088205,DDX18
4395,ENSG00000136732,GYPC
4399,ENSG00000136717,BIN1
4409,ENSG00000072163,LIMS2
4430,ENSG00000152082,MZT2B
4432,ENSG00000136710,CCDC115
4434,ENSG00000072135,PTPN18
4455,ENSG00000173272,MZT2A
4485,ENSG00000144224,UBXN4
4489,ENSG00000115866,DARS
4509,ENSG00000075884,ARHGAP15
4541,ENSG00000168288,MMADHC
4555,ENSG00000123609,NMI
4559,ENSG00000162980,ARL5A
4576,ENSG00000153234,NR4A2
4581,ENSG00000115165,CYTIP
4600,ENSG00000136536,MARCH7
4601,ENSG00000241399,CD302
4608,ENSG00000136560,TANK
4622,ENSG00000115271,GCA
4663,ENSG00000138398,PPIG
4667,ENSG00000138385,SSB
4668,ENSG00000138382,METTL5
4711,ENSG00000138430,OLA1
4720,ENSG00000115935,WIPF1
4727,ENSG00000154518,ATP5G3
4731,ENSG00000144320,KIAA1715
4756,ENSG00000170144,HNRNPA3
4774,ENSG00000116095,PLEKHA3
4791,ENSG00000170035,UBE2E3
4796,ENSG00000115232,ITGA4
4819,ENSG00000065548,ZC3H15
4842,ENSG00000128699,ORMDL1
4857,ENSG00000115415,STAT1
4862,ENSG00000173559,NABP1
4880,ENSG00000081320,STK17B
4881,ENSG00000272211,RP11-347P5.1
4889,ENSG00000231621,AC013264.2
4891,ENSG00000115524,SF3B1
4894,ENSG00000115541,HSPE1
4930,ENSG00000003402,CFLAR
4948,ENSG00000116030,SUMO1
5045,ENSG00000138363,ATIC
5060,ENSG00000079246,XRCC5
5090,ENSG00000179921,GPBAR1
5133,ENSG00000115661,STK16
5134,ENSG00000127824,TUBA4A
5135,ENSG00000135924,DNAJB2
5187,ENSG00000135905,DOCK10
5198,ENSG00000168958,MFF
5215,ENSG00000079263,SP140
5216,ENSG00000185404,SP140L
5217,ENSG00000067066,SP100
5221,ENSG00000135916,ITM2C
5228,ENSG00000173692,PSMD1
5233,ENSG00000115053,NCL
5253,ENSG00000135930,EIF4E2
5287,ENSG00000188042,ARL4C
5317,ENSG00000184182,UBE2F
5345,ENSG00000130414,NDUFA10
5350,ENSG00000172428,MYEOV2
5373,ENSG00000122085,MTERFD2
5375,ENSG00000115685,PPP1R7
5379,ENSG00000168385,SEPT2
5388,ENSG00000168393,DTYMK
5422,ENSG00000113851,CRBN
5463,ENSG00000206573,SETD5-AS1
5464,ENSG00000134077,THUMPD3
5468,ENSG00000163719,MTMR14
5473,ENSG00000171148,TADA3
5474,ENSG00000241553,ARPC4
5480,ENSG00000171135,JAGN1
5499,ENSG00000157020,SEC13
5516,ENSG00000075975,MKRN2
5541,ENSG00000154781,CCDC174
5592,ENSG00000170142,UBE2E1
5602,ENSG00000151092,NGLY1
5616,ENSG00000187118,CMC1
5628,ENSG00000163527,STT3B
5641,ENSG00000170266,GLB1
5643,ENSG00000170275,CRTAP
5652,ENSG00000170248,PDCD6IP
5677,ENSG00000060971,ACAA1
5685,ENSG00000157036,EXOG
5701,ENSG00000114784,EIF1B
5721,ENSG00000008324,SS18L2
5722,ENSG00000114857,NKTR
5773,ENSG00000075914,EXOSC7
5808,ENSG00000160799,CCDC12
5833,ENSG00000213689,TREX1
5834,ENSG00000164054,SHISA5
5838,ENSG00000010256,UQCRC1
5857,ENSG00000178057,NDUFAF3
5871,ENSG00000233276,GPX1
5872,ENSG00000067560,RHOA
5896,ENSG00000004534,RBM6
5897,ENSG00000003756,RBM5
5901,ENSG00000114353,GNAI2
5915,ENSG00000114395,CYB561D2
5927,ENSG00000179837,RBM15B
5930,ENSG00000164081,TEX264
5943,ENSG00000114779,ABHD14B
5944,ENSG00000248487,ABHD14A
5954,ENSG00000247596,TWF2
5964,ENSG00000010322,NISCH
5970,ENSG00000016864,GLT8D1
5971,ENSG00000114902,SPCS1
5984,ENSG00000163932,PRKCD
5985,ENSG00000163931,TKT
5993,ENSG00000113811,SELK
6007,ENSG00000180376,CCDC66
6033,ENSG00000168291,PDHB
6063,ENSG00000163636,PSMD6
6081,ENSG00000144749,LRIG1
6084,ENSG00000172340,SUCLG2
6091,ENSG00000144744,UBA3
6100,ENSG00000114861,FOXP1
6207,ENSG00000114354,TFG
6212,ENSG00000081154,PCNP
6219,ENSG00000144802,NFKBIZ
6235,ENSG00000196776,CD47
6237,ENSG00000114446,IFT57
6275,ENSG00000144848,ATG3
6343,ENSG00000138495,COX17
6353,ENSG00000065518,NDUFB4
6365,ENSG00000145088,EAF2
6368,ENSG00000114013,CD86
6370,ENSG00000121552,CSTA
6372,ENSG00000114023,FAM162A
6377,ENSG00000163840,DTX3L
6438,ENSG00000114626,ABTB1
6467,ENSG00000184897,H1FX
6470,ENSG00000129071,MBD4
6489,ENSG00000198585,NUDT16
6490,ENSG00000114686,MRPL3
6518,ENSG00000129055,ANAPC13
6553,ENSG00000175110,MRPS22
6581,ENSG00000114125,RNF7
6583,ENSG00000069849,ATP1B3
6647,ENSG00000114744,COMMD2
6660,ENSG00000144895,EIF2A
6661,ENSG00000198843,SELT
6664,ENSG00000181788,SIAH2
6673,ENSG00000174946,GPR171
6686,ENSG00000152601,MBNL1
6701,ENSG00000174953,DHX36
6722,ENSG00000114850,SSR3
6730,ENSG00000163660,CCNL1
6760,ENSG00000113810,SMC4
6789,ENSG00000114209,PDCD10
6816,ENSG00000008952,SEC62
6828,ENSG00000163584,RPL22L1
6841,ENSG00000121858,TNFSF10
6888,ENSG00000136521,NDUFB5
6896,ENSG00000163728,TTC14
6899,ENSG00000114416,FXR1
6900,ENSG00000205981,DNAJC19
6926,ENSG00000175193,PARL
6938,ENSG00000161204,ABCF3
6943,ENSG00000175166,PSMD2
6958,ENSG00000156931,VPS8
6968,ENSG00000136527,TRA2B
7029,ENSG00000152492,CCDC50
7075,ENSG00000184203,PPP1R2
7084,ENSG00000061938,TNK2
7113,ENSG00000114503,NCBP2
7149,ENSG00000169020,ATP5I
7171,ENSG00000159692,CTBP1
7173,ENSG00000090316,MAEA
7183,ENSG00000013810,TACC3
7188,ENSG00000243449,C4orf48
7193,ENSG00000123933,MXD4
7198,ENSG00000063978,RNF4
7222,ENSG00000132406,TMEM128
7223,ENSG00000145220,LYAR
7245,ENSG00000179010,MRFAP1
7252,ENSG00000186222,BLOC1S4
7258,ENSG00000109519,GRPEL1
7308,ENSG00000071127,WDR1
7339,ENSG00000118564,FBXL5
7340,ENSG00000237765,FAM200B
7341,ENSG00000109743,BST1
7344,ENSG00000137441,FGFBP2
7355,ENSG00000002549,LAP3
7357,ENSG00000118579,MED28
7464,ENSG00000163683,SMIM14
7469,ENSG00000168421,RHOH
7515,ENSG00000169019,COMMD8
7523,ENSG00000074966,TXK
7529,ENSG00000109180,OCIAD1
7531,ENSG00000145247,OCIAD2
7567,ENSG00000134851,TMEM165
7586,ENSG00000171476,HOPX
7588,ENSG00000084093,REST
7592,ENSG00000163453,IGFBP7
7674,ENSG00000156136,DCK
7723,ENSG00000138757,G3BP2
7727,ENSG00000138744,NAAA
7751,ENSG00000169288,MRPL1
7783,ENSG00000138674,SEC31A
7784,ENSG00000251022,THAP9-AS1
7787,ENSG00000138663,COPS4
7793,ENSG00000163319,MRPS18C
7802,ENSG00000138639,ARHGAP24
7813,ENSG00000198189,HSD17B11
7829,ENSG00000145337,PYURF
7830,ENSG00000138641,HERC3
7872,ENSG00000151247,EIF4E
7876,ENSG00000197894,ADH5
7888,ENSG00000070190,DAPP1
7891,ENSG00000164032,H2AFZ
7896,ENSG00000138814,PPP3CA
7898,ENSG00000153064,BANK1
7907,ENSG00000145354,CISD2
7926,ENSG00000138777,PPA2
7950,ENSG00000198856,OSTC
7956,ENSG00000005059,CCDC109B
8006,ENSG00000269893,SNHG8
8016,ENSG00000164096,C4orf3
8032,ENSG00000164111,ANXA5
8138,ENSG00000153130,SCOC
8154,ENSG00000109452,INPP4B
8190,ENSG00000164167,LSM6
8203,ENSG00000164169,PRMT10
8241,ENSG00000170006,TMEM154
8249,ENSG00000121210,KIAA0922
8355,ENSG00000164104,HMGB2
8386,ENSG00000129128,SPCS3
8394,ENSG00000038002,AGA
8421,ENSG00000182552,RWDD4
8427,ENSG00000168310,IRF2
8442,ENSG00000164323,KIAA1430
8493,ENSG00000109536,FRG1
8506,ENSG00000073578,SDHA
8508,ENSG00000249915,PDCD6
8512,ENSG00000188242,CTD-2228K2.5
8542,ENSG00000145494,NDUFS6
8631,ENSG00000150753,CCT5
8657,ENSG00000145569,FAM105A
8671,ENSG00000173545,ZNF622
8731,ENSG00000113387,SUB1
8809,ENSG00000171522,PTGER4
8811,ENSG00000132356,PRKAA1
8829,ENSG00000177721,ANXA2R
8851,ENSG00000112996,MRPS30
8886,ENSG00000113088,GZMK
8889,ENSG00000145649,GZMA
8918,ENSG00000062194,GPBP1
8975,ENSG00000112851,ERBB2IP
8976,ENSG00000153914,SREK1
9007,ENSG00000085231,TAF9
9066,ENSG00000164346,NSA2
9076,ENSG00000113163,COL4A3BP
9094,ENSG00000164252,AGGF1
9101,ENSG00000171530,TBCA
9138,ENSG00000131732,ZCCHC9
9153,ENSG00000174695,TMEM167A
9188,ENSG00000081189,MEF2C
9232,ENSG00000173221,GLRX
9243,ENSG00000153113,CAST
9327,ENSG00000153037,SRP19
9328,ENSG00000129625,REEP5
9357,ENSG00000145782,ATG12
9358,ENSG00000177879,AP3S1
9382,ENSG00000145779,TNFAIP8
9402,ENSG00000205302,SNX2
9441,ENSG00000164902,PHAX
9458,ENSG00000066583,ISOC1
9466,ENSG00000158985,CDC42SE2
9482,ENSG00000197536,C5orf56
9485,ENSG00000125347,IRF1
9499,ENSG00000164405,UQCRQ
9513,ENSG00000213585,VDAC1
9515,ENSG00000081059,TCF7
9523,ENSG00000237190,CDKN2AIPNL
9530,ENSG00000164615,CAMLG
9531,ENSG00000145833,DDX46
9542,ENSG00000113648,H2AFY
9586,ENSG00000120733,KDM3B
9590,ENSG00000113013,HSPA9
9596,ENSG00000015479,MATR3
9597,ENSG00000120727,PAIP2
9606,ENSG00000184584,TMEM173
9609,ENSG00000171604,CXXC5
9621,ENSG00000120306,CYSTM1
9622,ENSG00000113068,PFDN1
9633,ENSG00000170458,CD14
9634,ENSG00000131495,NDUFA2
9636,ENSG00000113141,IK
9639,ENSG00000170445,HARS
9641,ENSG00000146007,ZMAT2
9677,ENSG00000178913,TAF7
9700,ENSG00000131504,DIAPH1
9703,ENSG00000171720,HDAC3
9714,ENSG00000131507,NDFIP1
9722,ENSG00000113580,NR3C1
9737,ENSG00000091009,RBM27
9784,ENSG00000113712,CSNK1A1
9813,ENSG00000145901,TNIP1
9814,ENSG00000197043,ANXA6
9827,ENSG00000177556,ATOX1
9829,ENSG00000145907,G3BP1
9846,ENSG00000155508,CNOT8
9848,ENSG00000082515,MRPL22
9903,ENSG00000164609,SLU7
9920,ENSG00000170584,NUDCD2
9953,ENSG00000134516,DOCK2
9976,ENSG00000072786,STK10
9991,ENSG00000037241,RPL26L1
10034,ENSG00000122203,KIAA1191
10040,ENSG00000175416,CLTB
10054,ENSG00000113761,ZNF346
10056,ENSG00000165671,NSD1
10057,ENSG00000169228,RAB24
10060,ENSG00000169223,LMAN2
10061,ENSG00000169220,RGS14
10065,ENSG00000198055,GRK6
10075,ENSG00000184840,TMED9
10089,ENSG00000145912,NHP2
10091,ENSG00000175309,PHYKPL
10116,ENSG00000127022,CANX
10120,ENSG00000161011,SQSTM1
10124,ENSG00000113269,RNF130
10163,ENSG00000112679,DUSP22
10188,ENSG00000021355,SERPINB1
10192,ENSG00000124570,SERPINB6
10234,ENSG00000214113,LYRM4
10242,ENSG00000112799,LY86
10249,ENSG00000124783,SSR1
10280,ENSG00000111843,TMEM14C
10282,ENSG00000137210,TMEM14B
10314,ENSG00000225921,NOL7
10321,ENSG00000112149,CD83
10333,ENSG00000007944,MYLIP
10334,ENSG00000137198,GMPR
10348,ENSG00000124795,DEK
10380,ENSG00000111802,TDP2
10388,ENSG00000111913,FAM65B
10440,ENSG00000186470,BTN3A2
10449,ENSG00000146109,ABT1
10457,ENSG00000197903,HIST1H2BK
10537,ENSG00000066379,ZNRD1
10538,ENSG00000204619,PPP1R11
10557,ENSG00000204568,MRPS18B
10561,ENSG00000146112,PPP1R18
10565,ENSG00000196230,TUBB
10567,ENSG00000137312,FLOT1
10589,ENSG00000272501,XXbac-BPG299F13.17
10608,ENSG00000204482,LST1
10610,ENSG00000204472,AIF1
10612,ENSG00000204463,BAG6
10637,ENSG00000204392,LSM2
10650,ENSG00000204356,NELFE
10668,ENSG00000204308,RNF5
10678,ENSG00000198502,HLA-DRB5
10680,ENSG00000196735,HLA-DQA1
10681,ENSG00000179344,HLA-DQB1
10684,ENSG00000237541,HLA-DQA2
10686,ENSG00000241106,HLA-DOB
10692,ENSG00000168394,TAP1
10693,ENSG00000242574,HLA-DMB
10695,ENSG00000204257,HLA-DMA
10696,ENSG00000204256,BRD2
10714,ENSG00000231925,TAPBP
10719,ENSG00000112514,CUTA
10726,ENSG00000137288,UQCC2
10734,ENSG00000137309,HMGA1
10744,ENSG00000124562,SNRPC
10746,ENSG00000064995,TAF11
10778,ENSG00000112079,STK38
10779,ENSG00000112081,SRSF3
10780,ENSG00000124762,CDKN1A
10789,ENSG00000226976,COX6A1P2
10790,ENSG00000137193,PIM1
10795,ENSG00000198937,CCDC167
10803,ENSG00000124767,GLO1
10850,ENSG00000112576,CCND3
10862,ENSG00000124659,TBCC
10867,ENSG00000137161,CNPY3
10872,ENSG00000124733,MEA1
10884,ENSG00000112667,DNPH1
10911,ENSG00000180992,MRPL14
10982,ENSG00000112118,MCM3
10996,ENSG00000012660,ELOVL5
11039,ENSG00000112245,PTP4A1
11097,ENSG00000112701,SENP6
11108,ENSG00000118418,HMGN3
11168,ENSG00000135334,AKIRIN2
11180,ENSG00000198833,UBE2J1
11209,ENSG00000123545,NDUFAF4
11223,ENSG00000132424,PNISR
11248,ENSG00000057663,ATG5
11274,ENSG00000080546,SESN1
11289,ENSG00000168438,CDC40
11296,ENSG00000155115,GTF3C6
11308,ENSG00000010810,FYN
11342,ENSG00000189241,TSPYL1
11346,ENSG00000188820,FAM26F
11351,ENSG00000111832,RWDD1
11368,ENSG00000111875,ASF1A
11387,ENSG00000111906,HDDC2
11401,ENSG00000093144,ECHDC1
11436,ENSG00000079950,STX7
11498,ENSG00000118503,TNFAIP3
11511,ENSG00000146386,ABRACL
11516,ENSG00000164442,CITED2
11550,ENSG00000169976,SF3B5
11551,ENSG00000135604,STX11
11593,ENSG00000120265,PCMT1
11617,ENSG00000146476,C6orf211
11650,ENSG00000215712,TMEM242
11665,ENSG00000146425,DYNLT1
11667,ENSG00000092820,EZR
11672,ENSG00000164691,TAGAP
11680,ENSG00000112096,SOD2
11681,ENSG00000146457,WTAP
11683,ENSG00000120438,TCP1
11684,ENSG00000112110,MRPL18
11726,ENSG00000198818,SFT2D1
11727,ENSG00000060762,MPC1
11791,ENSG00000071994,PDCD2
11819,ENSG00000240230,COX19
11853,ENSG00000136213,CHST12
11861,ENSG00000198286,CARD11
11877,ENSG00000157954,WIPI2
11892,ENSG00000122674,CCZ1
11895,ENSG00000106305,AIMP2
11904,ENSG00000136240,KDELR2
11907,ENSG00000136247,ZDHHC4
11938,ENSG00000189043,NDUFA4
11949,ENSG00000122644,ARL4A
11971,ENSG00000136261,BZW2
12025,ENSG00000156928,MALSU1
12027,ENSG00000164548,TRA2A
12038,ENSG00000172115,CYCS
12049,ENSG00000122565,CBX3
12083,ENSG00000106052,TAX1BP1
12090,ENSG00000106066,CPVL
12150,ENSG00000122545,SEPT7
12159,ENSG00000136250,AOAH
12186,ENSG00000168303,MPLKIP
12199,ENSG00000106588,PSMA2
12200,ENSG00000106591,MRPL32
12204,ENSG00000164543,STK17A
12206,ENSG00000106605,BLVRA
12214,ENSG00000136279,DBNL
12226,ENSG00000158604,TMED4
12231,ENSG00000105968,H2AFV
12235,ENSG00000136286,MYO1G
12236,ENSG00000232956,SNHG15
12264,ENSG00000183696,UPP1
12275,ENSG00000185811,IKZF1
12305,ENSG00000146729,GBAS
12308,ENSG00000146731,CCT6A
12342,ENSG00000146757,ZNF92
12361,ENSG00000106609,TMEM248
12362,ENSG00000126524,SBDS
12377,ENSG00000196313,POM121
12386,ENSG00000106635,BCL7B
12391,ENSG00000071462,WBSCR22
12410,ENSG00000158517,NCF1
12420,ENSG00000135213,POM121C
12427,ENSG00000146701,MDH2
12439,ENSG00000127951,FGL2
12445,ENSG00000187257,RSBN1L
12455,ENSG00000135218,CD36
12479,ENSG00000135185,TMEM243
12488,ENSG00000075142,SRI
12527,ENSG00000177409,SAMD9L
12556,ENSG00000127922,SHFM1
12563,ENSG00000196636,ACN9
12570,ENSG00000164713,BRI3
12580,ENSG00000241685,ARPC1A
12582,ENSG00000106244,PDAP1
12583,ENSG00000106245,BUD31
12588,ENSG00000241468,ATP5J2
12607,ENSG00000106261,ZKSCAN1
12610,ENSG00000168090,COPS6
12634,ENSG00000166925,TSC22D4
12646,ENSG00000172354,GNB2
12669,ENSG00000106400,ZNHIT1
12671,ENSG00000214253,FIS1
12682,ENSG00000160991,ORAI2
12685,ENSG00000005075,POLR2J
12702,ENSG00000161048,NAPEPLD
12704,ENSG00000105821,DNAJC2
12715,ENSG00000005483,KMT2E
12725,ENSG00000008282,SYPL1
12734,ENSG00000105856,HBP1
12753,ENSG00000128590,DNAJB9
12787,ENSG00000135269,TES
12796,ENSG00000198898,CAPZA2
12810,ENSG00000128534,NAA38
12821,ENSG00000196937,FAM3C
12837,ENSG00000128609,NDUFA5
12861,ENSG00000048405,ZNF800
12865,ENSG00000004059,ARF5
12869,ENSG00000197157,SND1
12889,ENSG00000128524,ATP6V1F
12929,ENSG00000231721,LINC-PINT
12939,ENSG00000106554,CHCHD3
12947,ENSG00000085662,AKR1B1
12963,ENSG00000243317,C7orf73
12968,ENSG00000105887,MTPN
12993,ENSG00000146963,C7orf55-LUC7L2
13005,ENSG00000133606,MKRN1
13008,ENSG00000090266,NDUFB2
13023,ENSG00000106028,SSBP1
13058,ENSG00000159840,ZYX
13120,ENSG00000214022,REPIN1
13121,ENSG00000196456,ZNF775
13128,ENSG00000106560,GIMAP2
13129,ENSG00000213203,GIMAP1
13130,ENSG00000196329,GIMAP5
13143,ENSG00000164896,FASTK
13211,ENSG00000105993,DNAJB6
13332,ENSG00000169249,ZRSR2
13333,ENSG00000182287,AP1S2
13339,ENSG00000169895,SYAP1
13341,ENSG00000102054,RBBP7
13357,ENSG00000131828,PDHA1
13359,ENSG00000147010,SH3KBP1
13362,ENSG00000173674,EIF1AX
13370,ENSG00000102172,SMS
13386,ENSG00000130741,EIF2S3
13446,ENSG00000165175,MID1IP1
13456,ENSG00000182220,ATP6AP2
13462,ENSG00000215301,DDX3X
13496,ENSG00000147123,NDUFB11
13507,ENSG00000102265,TIMP1
13508,ENSG00000126759,CFP
13528,ENSG00000147155,EBP
13533,ENSG00000101940,WDR13
13534,ENSG00000015285,WAS
13542,ENSG00000126768,TIMM17B
13545,ENSG00000102096,PIM2
13552,ENSG00000196998,WDR45
13556,ENSG00000102007,PLP2
13628,ENSG00000072506,HSD17B10
13638,ENSG00000102316,MAGED2
13675,ENSG00000147065,MSN
13693,ENSG00000089289,IGBP1
13701,ENSG00000120509,PDZD11
13751,ENSG00000225470,JPX
13763,ENSG00000102390,PBDC1
13766,ENSG00000085224,ATRX
13768,ENSG00000131174,COX7B
13776,ENSG00000078589,P2RY10
13783,ENSG00000131171,SH3BGRL
13861,ENSG00000133134,BEX2
13864,ENSG00000166681,NGFRAP1
13928,ENSG00000101901,ALG13
13964,ENSG00000077721,UBE2A
13966,ENSG00000125354,SEPT6
13968,ENSG00000198918,RPL39
13970,ENSG00000125352,RNF113A
13971,ENSG00000125356,NDUFA1
13986,ENSG00000232119,MCTS1
14004,ENSG00000125676,THOC2
14005,ENSG00000101966,XIAP
14009,ENSG00000183918,SH2D1A
14022,ENSG00000122122,SASH3
14094,ENSG00000102245,CD40LG
14097,ENSG00000147274,RBMX
14144,ENSG00000010404,IDS
14218,ENSG00000185825,BCAP31
14223,ENSG00000067829,IDH3G
14229,ENSG00000089820,ARHGAP4
14230,ENSG00000102030,NAA10
14236,ENSG00000169057,MECP2
14245,ENSG00000196924,FLNA
14254,ENSG00000196976,LAGE3
14264,ENSG00000130826,DKC1
14269,ENSG00000197932,F8A1
14270,ENSG00000165775,FUNDC2
14274,ENSG00000155959,VBP1
14420,ENSG00000079459,FDFT1
14422,ENSG00000164733,CTSB
14470,ENSG00000104763,ASAH1
14484,ENSG00000104613,INTS10
14488,ENSG00000147416,ATP6V1B2
14501,ENSG00000147443,DOK2
14527,ENSG00000147439,BIN3
14575,ENSG00000104765,BNIP3L
14583,ENSG00000120899,PTK2B
14588,ENSG00000147419,CCDC25
14597,ENSG00000168081,PNOC
14621,ENSG00000104660,LEPROTL1
14623,ENSG00000271869,RP11-51J9.5
14624,ENSG00000104671,DCTN6
14629,ENSG00000197265,GTF2E2
14674,ENSG00000147471,PROSC
14677,ENSG00000156675,RAB11FIP1
14680,ENSG00000187840,EIF4EBP1
14685,ENSG00000175324,LSM1
14689,ENSG00000147548,WHSC1L1
14707,ENSG00000169490,TM2D2
14745,ENSG00000104365,IKBKB
14748,ENSG00000078668,VDAC3
14751,ENSG00000176209,SMIM19
14768,ENSG00000221869,CEBPD
14813,ENSG00000187735,TCEA1
14815,ENSG00000120992,LYPLA1
14826,ENSG00000254087,LYN
14832,ENSG00000170791,CHCHD7
14855,ENSG00000137575,SDCBP
14864,ENSG00000104388,RAB2A
14903,ENSG00000104442,ARMC1
14926,ENSG00000104218,CSPP1
14948,ENSG00000067167,TRAM1
15005,ENSG00000164751,PEX2
15019,ENSG00000076554,TPD52
15028,ENSG00000076641,PAG1
15043,ENSG00000104231,ZFAND1
15094,ENSG00000104325,DECR1
15105,ENSG00000253738,GS1-251I9.4
15158,ENSG00000175895,PLEKHF2
15166,ENSG00000156467,UQCRB
15176,ENSG00000147649,MTDH
15197,ENSG00000164919,COX6C
15212,ENSG00000164924,YWHAZ
15217,ENSG00000120963,ZNF706
15270,ENSG00000104408,EIF3E
15279,ENSG00000120533,ENY2
15303,ENSG00000164754,RAD21
15307,ENSG00000164758,MED30
15346,ENSG00000136986,DERL1
15377,ENSG00000170873,MTSS1
15411,ENSG00000136997,MYC
15419,ENSG00000153310,FAM49B
15439,ENSG00000155926,SLA
15474,ENSG00000104472,CHRAC1
15536,ENSG00000104518,GSDMD
15539,ENSG00000147813,NAPRT1
15540,ENSG00000254741,RP11-661A12.7
15545,ENSG00000104522,TSTA3
15559,ENSG00000179950,PUF60
15562,ENSG00000178209,PLEC
15564,ENSG00000178719,GRINA
15570,ENSG00000197858,GPAA1
15571,ENSG00000179091,CYC1
15573,ENSG00000179632,MAF1
15594,ENSG00000160948,VPS28
15623,ENSG00000182307,C8orf33
15630,ENSG00000172785,CBWD1
15662,ENSG00000106993,CDC37L1
15725,ENSG00000164985,PSIP1
15738,ENSG00000155876,RRAGA
15812,ENSG00000165264,NDUFB6
15820,ENSG00000086061,DNAJA1
15825,ENSG00000107262,BAG1
15826,ENSG00000086065,CHMP5
15830,ENSG00000165272,AQP3
15856,ENSG00000164967,RPP25L
15857,ENSG00000137100,DCTN3
15873,ENSG00000165280,VCP
15887,ENSG00000137078,SIT1
15889,ENSG00000159884,CCDC107
15893,ENSG00000137076,TLN1
15902,ENSG00000137133,HINT2
15911,ENSG00000122694,GLIPR2
15913,ENSG00000122705,CLTA
15924,ENSG00000147905,ZCCHC7
15926,ENSG00000137106,GRHPR
16059,ENSG00000165060,FXN
16084,ENSG00000107372,ZFAND5
16098,ENSG00000134996,OSTF1
16115,ENSG00000106829,TLE4
16133,ENSG00000135018,UBQLN1
16176,ENSG00000123975,CKS2
16177,ENSG00000187742,SECISBP2
16216,ENSG00000165233,C9orf89
16217,ENSG00000131669,NINJ1
16262,ENSG00000158122,AAED1
16287,ENSG00000095380,NANS
16308,ENSG00000023318,ERP44
16317,ENSG00000136897,MRPL50
16322,ENSG00000155827,RNF20
16359,ENSG00000119318,RAD23B
16361,ENSG00000136826,KLF4
16379,ENSG00000136810,TXN
16432,ENSG00000106948,AKNA
16467,ENSG00000136861,CDK5RAP2
16471,ENSG00000226752,PSMD5-AS1
16475,ENSG00000119397,CNTRL
16486,ENSG00000119421,NDUFA8
16539,ENSG00000136950,ARPC5L
16542,ENSG00000119414,PPP6C
16544,ENSG00000044574,HSPA5
16596,ENSG00000171159,C9orf16
16608,ENSG00000167118,URM1
16621,ENSG00000160446,ZDHHC12
16626,ENSG00000198917,C9orf114
16662,ENSG00000136827,TOR1A
16663,ENSG00000136819,C9orf78
16665,ENSG00000187239,FNBP1
16683,ENSG00000126883,NUP214
16714,ENSG00000148290,SURF1
16715,ENSG00000148291,SURF2
16718,ENSG00000148300,REXO4
16744,ENSG00000085265,FCN1
16768,ENSG00000130560,UBAC1
16792,ENSG00000233016,SNHG7
16804,ENSG00000054148,PHPT1
16808,ENSG00000159069,FBXW5
16829,ENSG00000176978,DPP7
16834,ENSG00000176101,SSNA1
16836,ENSG00000187713,TMEM203
16842,ENSG00000188229,TUBB4B
16853,ENSG00000182154,MRPL41
16933,ENSG00000057608,GDI2
16941,ENSG00000134453,RBM17
16942,ENSG00000170525,PFKFB3
16947,ENSG00000237943,PRKCQ-AS1
16959,ENSG00000165629,ATP5C1
16977,ENSG00000048740,CELF2
16988,ENSG00000151461,UPF2
16992,ENSG00000151465,CDC123
16996,ENSG00000123240,OPTN
17014,ENSG00000065809,FAM107B
17074,ENSG00000136770,DNAJC1
17087,ENSG00000148450,MSRB2
17106,ENSG00000077420,APBB1IP
17114,ENSG00000136754,ABI1
17143,ENSG00000107968,MAP3K8
17158,ENSG00000120616,EPC1
17254,ENSG00000012779,ALOX5
17257,ENSG00000172671,ZFAND4
17326,ENSG00000138293,NCOA4
17384,ENSG00000150347,ARID5B
17413,ENSG00000096746,HNRNPH3
17424,ENSG00000122958,VPS26A
17442,ENSG00000180817,PPA1
17445,ENSG00000148730,EIF4EBP2
17449,ENSG00000180644,PRF1
17463,ENSG00000107738,C10orf54
17464,ENSG00000197746,PSAP
17468,ENSG00000107742,SPOCK2
17471,ENSG00000168209,DDIT4
17506,ENSG00000172586,CHCHD1
17529,ENSG00000165637,VDAC2
17579,ENSG00000122359,ANXA11
17588,ENSG00000108219,TSPAN14
17597,ENSG00000165678,GHITM
17611,ENSG00000062650,WAPAL
17623,ENSG00000148672,GLUD1
17648,ENSG00000026103,FAS
17653,ENSG00000119917,IFIT3
17716,ENSG00000107438,PDLIM1
17748,ENSG00000171314,PGAM1
17771,ENSG00000107521,HPS1
17794,ENSG00000196072,BLOC1S2
17802,ENSG00000166136,NDUFB8
17808,ENSG00000055950,MRPL43
17833,ENSG00000107833,NPM3
17834,ENSG00000198408,MGEA5
17847,ENSG00000107872,FBXL15
17851,ENSG00000138107,ACTR1A
17871,ENSG00000173915,USMG5
17873,ENSG00000138172,CALHM2
17887,ENSG00000148834,GSTO1
17906,ENSG00000148700,ADD3
17916,ENSG00000150593,PDCD4
17919,ENSG00000108061,SHOC2
17986,ENSG00000165672,PRDX3
17989,ENSG00000148908,RGS10
18024,ENSG00000154473,BUB3
18032,ENSG00000065154,OAT
18052,ENSG00000188690,UROS
18053,ENSG00000107949,BCCIP
18074,ENSG00000170430,MGMT
18114,ENSG00000198546,ZNF511
18119,ENSG00000148803,FUOM
18120,ENSG00000127884,ECHS1
18148,ENSG00000142089,IFITM3
18156,ENSG00000185187,SIGIRR
18160,ENSG00000023191,RNH1
18166,ENSG00000099849,RASSF7
18169,ENSG00000185507,IRF7
18190,ENSG00000177700,POLR2L
18201,ENSG00000078902,TOLLIP
18203,ENSG00000255153,TOLLIP-AS1
18224,ENSG00000130592,LSP1
18228,ENSG00000214026,MRPL23
18237,ENSG00000110665,C11orf21
18240,ENSG00000184281,TSSC4
18253,ENSG00000110619,CARS
18269,ENSG00000177105,RHOG
18331,ENSG00000132274,TRIM22
18418,ENSG00000175348,TMEM9B
18424,ENSG00000166471,TMEM41B
18430,ENSG00000133789,SWAP70
18483,ENSG00000133818,RRAS2
18485,ENSG00000129084,PSMA1
18503,ENSG00000070081,NUCB2
18526,ENSG00000134333,LDHA
18569,ENSG00000198168,SVIP
18611,ENSG00000152219,ARL14EP
18630,ENSG00000149100,EIF3M
18643,ENSG00000110429,FBXO3
18659,ENSG00000149089,APIP
18663,ENSG00000026508,CD44
18676,ENSG00000110442,COMMD9
18711,ENSG00000085117,CD82
18740,ENSG00000121680,PEX16
18749,ENSG00000149091,DGKZ
18772,ENSG00000066336,SPI1
18775,ENSG00000165916,PSMC3
18778,ENSG00000213619,NDUFS3
18786,ENSG00000109920,FNBP4
18787,ENSG00000030066,NUP160
18858,ENSG00000149136,SSRP1
18869,ENSG00000156587,UBE2L6
18875,ENSG00000213593,TMX2
18877,ENSG00000211450,C11orf31
18896,ENSG00000110031,LPXN
18911,ENSG00000197629,MPEG1
18928,ENSG00000166902,MRPL16
18937,ENSG00000110077,MS4A6A
18941,ENSG00000166927,MS4A7
18944,ENSG00000156738,MS4A1
18967,ENSG00000110448,CD5
18991,ENSG00000134825,TMEM258
18997,ENSG00000167995,BEST1
19013,ENSG00000124942,AHNAK
19016,ENSG00000254772,EEF1G
19020,ENSG00000149499,EML3
19025,ENSG00000185085,INTS5
19029,ENSG00000204922,C11orf83
19041,ENSG00000168569,TMEM223
19043,ENSG00000185475,TMEM179B
19044,ENSG00000162231,NXF1
19048,ENSG00000168003,SLC3A2
19072,ENSG00000176340,COX8A
19074,ENSG00000167770,OTUB1
19086,ENSG00000173511,VEGFB
19087,ENSG00000173486,FKBP2
19097,ENSG00000173113,TRMT112
19098,ENSG00000126432,PRDX5
19110,ENSG00000068831,RASGRP2
19112,ENSG00000168066,SF1
19118,ENSG00000110047,EHD1
19126,ENSG00000213465,ARL2
19144,ENSG00000014216,CAPN1
19150,ENSG00000162241,SLC25A45
19156,ENSG00000142186,SCYL1
19159,ENSG00000173465,SSSCA1
19164,ENSG00000173327,MAP3K11
19166,ENSG00000213445,SIPA1
19167,ENSG00000173039,RELA
19169,ENSG00000172922,RNASEH2C
19179,ENSG00000172543,CTSW
19180,ENSG00000172500,FIBP
19184,ENSG00000175550,DRAP1
19187,ENSG00000175334,BANF1
19191,ENSG00000087365,SF3B2
19199,ENSG00000174903,RAB1B
19203,ENSG00000174851,YIF1A
19214,ENSG00000174547,MRPL11
19220,ENSG00000174165,ZDHHC24
19242,ENSG00000172932,ANKRD13D
19244,ENSG00000175482,POLD4
19246,ENSG00000172613,RAD9A
19258,ENSG00000172663,TMEM134
19259,ENSG00000110711,AIP
19261,ENSG00000167797,CDK2AP2
19277,ENSG00000110717,NDUFS8
19291,ENSG00000197345,MRPL21
19351,ENSG00000149357,LAMTOR1
19372,ENSG00000168010,ATG16L2
19385,ENSG00000175582,RAB6A
19389,ENSG00000181924,COA4
19410,ENSG00000118363,SPCS2
19459,ENSG00000074201,CLNS1A
19461,ENSG00000048649,RSF1
19472,ENSG00000151366,NDUFC2
19500,ENSG00000165494,PCF11
19504,ENSG00000137500,CCDC90B
19512,ENSG00000137504,CREBZF
19521,ENSG00000149196,C11orf73
19538,ENSG00000109861,CTSC
19562,ENSG00000166002,SMCO4
19565,ENSG00000166012,TAF1D
19585,ENSG00000150316,CWC15
19617,ENSG00000023445,BIRC3
19640,ENSG00000196954,CASP4
19642,ENSG00000137752,CASP1
19643,ENSG00000204397,CARD16
19669,ENSG00000149311,ATM
19682,ENSG00000137714,FDX1
19712,ENSG00000204370,SDHD
19776,ENSG00000168092,PAFAH1B2
19779,ENSG00000160613,PCSK7
19792,ENSG00000110324,IL10RA
19797,ENSG00000160593,AMICA1
19802,ENSG00000160654,CD3G
19807,ENSG00000118058,KMT2A
19828,ENSG00000196655,TRAPPC4
19877,ENSG00000137642,SORL1
19919,ENSG00000154144,TBRG1
19969,ENSG00000182934,SRPR
19974,ENSG00000110063,DCPS
19990,ENSG00000134954,ETS1
19995,ENSG00000151702,FLI1
20008,ENSG00000084234,APLP2
20039,ENSG00000151500,THYN1
20070,ENSG00000060237,WNK1
20110,ENSG00000256862,RP11-664D1.1
20114,ENSG00000118971,CCND2
20123,ENSG00000139180,NDUFA9
20149,ENSG00000139193,CD27
20150,ENSG00000139192,TAPBPL
20152,ENSG00000111639,MRPL51
20164,ENSG00000111653,ING4
20171,ENSG00000089693,MLF2
20184,ENSG00000111678,C12orf57
20186,ENSG00000111679,PTPN6
20187,ENSG00000126749,EMG1
20190,ENSG00000215021,PHB2
20212,ENSG00000059804,SLC2A3
20236,ENSG00000003056,M6PR
20247,ENSG00000069493,CLEC2D
20250,ENSG00000110848,CD69
20252,ENSG00000110852,CLEC2B
20264,ENSG00000172243,CLEC7A
20267,ENSG00000139112,GABARAPL1
20330,ENSG00000013583,HEBP1
20345,ENSG00000246705,H2AFJ
20362,ENSG00000023734,STRAP
20431,ENSG00000133703,KRAS
20450,ENSG00000111790,FGFR1OP2
20472,ENSG00000123106,CCDC91
20504,ENSG00000174718,KIAA1551
20542,ENSG00000134283,PPHLN1
20543,ENSG00000139168,ZCRB1
20555,ENSG00000198001,IRAK4
20566,ENSG00000139218,SCAF11
20567,ENSG00000111371,SLC38A1
20568,ENSG00000134294,SLC38A2
20622,ENSG00000134285,FKBP11
20635,ENSG00000139636,LMBR1L
20637,ENSG00000123416,TUBA1B
20671,ENSG00000178449,COX14
20689,ENSG00000183283,DAZAP2
20691,ENSG00000110934,BIN2
20706,ENSG00000123358,NR4A1
20748,ENSG00000063046,EIF4B
20757,ENSG00000139626,ITGB7
20768,ENSG00000205352,PRR13
20810,ENSG00000111481,COPZ1
20849,ENSG00000135441,BLOC1S1
20871,ENSG00000170515,PA2G4
20882,ENSG00000181852,RNF41
20892,ENSG00000257727,CNPY2
20895,ENSG00000170581,STAT2
20903,ENSG00000110955,ATP5B
20904,ENSG00000110958,PTGES3
20917,ENSG00000166888,STAT6
20918,ENSG00000123384,LRP1
20943,ENSG00000135506,OS9
20954,ENSG00000123297,TSFM
20958,ENSG00000175215,CTDSP2
20973,ENSG00000135655,USP15
21019,ENSG00000155957,TMBIM4
21027,ENSG00000111530,CAND1
21042,ENSG00000127314,RAP1B
21052,ENSG00000111605,CPSF6
21054,ENSG00000257764,RP11-1143G9.4
21069,ENSG00000111596,CNOT2
21106,ENSG00000139278,GLIPR1
21117,ENSG00000091039,OSBPL8
21141,ENSG00000058272,PPP1R12A
21158,ENSG00000133773,CCDC59
21196,ENSG00000271614,LINC00936
21215,ENSG00000245904,RP11-796E2.4
21229,ENSG00000177889,UBE2N
21250,ENSG00000111142,METAP2
21255,ENSG00000139343,SNRPF
21260,ENSG00000111144,LTA4H
21300,ENSG00000111666,CHPT1
21306,ENSG00000120860,CCDC53
21326,ENSG00000166598,HSP90B1
21344,ENSG00000235162,C12orf75
21376,ENSG00000136003,ISCU
21378,ENSG00000110876,SELPLG
21388,ENSG00000189046,ALKBH2
21397,ENSG00000139428,MMAB
21405,ENSG00000139436,GIT2
21414,ENSG00000111237,VPS29
21419,ENSG00000186298,PPP1CC
21434,ENSG00000111275,ALDH2
21449,ENSG00000089127,OAS1
21530,ENSG00000111725,PRKAB1
21551,ENSG00000022840,RNF10
21569,ENSG00000135124,P2RX4
21571,ENSG00000089053,ANAPC5
21573,ENSG00000170633,RNF34
21579,ENSG00000139725,RHOF
21600,ENSG00000111011,RSRC2
21607,ENSG00000139726,DENR
21614,ENSG00000182196,ARL6IP4
21626,ENSG00000150977,RILPL2
21630,ENSG00000086598,TMED2
21632,ENSG00000111361,EIF2B1
21731,ENSG00000183495,EP400
21785,ENSG00000196199,MPHOSPH8
21789,ENSG00000132950,ZMYM5
21791,ENSG00000121741,ZMYM2
21806,ENSG00000173141,MRP63
21866,ENSG00000122033,MTIF3
21868,ENSG00000186184,POLR1D
21872,ENSG00000180389,ATP5EP2
21900,ENSG00000132965,ALOX5AP
21917,ENSG00000139597,N4BP2L1
21918,ENSG00000244754,N4BP2L2
21970,ENSG00000120690,ELF1
21985,ENSG00000133106,EPSTI1
21986,ENSG00000120675,DNAJC15
22020,ENSG00000123200,ZC3H13
22038,ENSG00000136146,MED4
22043,ENSG00000139679,LPAR6
22054,ENSG00000136147,PHF11
22057,ENSG00000123179,EBPL
22067,ENSG00000136104,RNASEH2B
22089,ENSG00000165416,SUGT1
22162,ENSG00000005810,MYCBP2
22257,ENSG00000134882,UBAC2
22258,ENSG00000125245,GPR18
22259,ENSG00000169508,GPR183
22300,ENSG00000134884,ARGLU1
22306,ENSG00000102524,TNFSF13B
22356,ENSG00000126226,PCID2
22358,ENSG00000185896,LAMP1
22428,ENSG00000100823,APEX1
22445,ENSG00000169413,RNASE6
22492,ENSG00000155463,OXA1L
22495,ENSG00000172590,MRPL52
22497,ENSG00000197324,LRP10
22499,ENSG00000100461,RBM23
22503,ENSG00000092036,HAUS4
22508,ENSG00000100804,PSMB5
22520,ENSG00000100836,PABPN1
22534,ENSG00000213983,AP1G2
22555,ENSG00000213928,IRF9
22562,ENSG00000254505,CHMP4A
22566,ENSG00000100938,GMPR2
22567,ENSG00000092330,TINF2
22583,ENSG00000100445,SDR39U1
22617,ENSG00000092108,SCFD1
22643,ENSG00000129518,EAPP
22646,ENSG00000129515,SNX6
22648,ENSG00000198604,BAZ1A
22651,ENSG00000151327,FAM177A1
22698,ENSG00000100941,PNN
22703,ENSG00000165355,FBXO33
22725,ENSG00000100442,FKBP3
22746,ENSG00000165506,DNAAF2
22754,ENSG00000165527,ARF6
22757,ENSG00000258929,RP11-58E21.3
22781,ENSG00000139921,TMX1
22794,ENSG00000087302,C14orf166
22798,ENSG00000125384,PTGER2
22817,ENSG00000100528,CNIH1
22822,ENSG00000131979,GCH1
22825,ENSG00000168175,MAPK1IP1L
22826,ENSG00000131981,LGALS3
22835,ENSG00000126777,KTN1
22851,ENSG00000070367,EXOC5
22861,ENSG00000100567,PSMA3
22868,ENSG00000100575,TIMM9
22895,ENSG00000027075,PRKCH
22938,ENSG00000258289,CHURC1
22957,ENSG00000134001,EIF2S1
22963,ENSG00000100568,VTI1B
22972,ENSG00000185650,ZFP36L1
22973,ENSG00000072110,ACTN1
22980,ENSG00000100632,ERH
23021,ENSG00000119707,RBM25
23030,ENSG00000119673,ACOT2
23056,ENSG00000119655,NPC2
23057,ENSG00000165898,ISCA2
23077,ENSG00000170348,TMED10
23088,ENSG00000133935,C14orf1
23123,ENSG00000100591,AHSA1
23125,ENSG00000100596,SPTLC2
23127,ENSG00000119705,SLIRP
23179,ENSG00000140030,GPR65
23222,ENSG00000015133,CCDC88C
23224,ENSG00000100796,SMEK1
23227,ENSG00000165929,TC2N
23231,ENSG00000183648,NDUFB1
23243,ENSG00000165943,MOAP1
23256,ENSG00000089737,DDX24
23263,ENSG00000197249,SERPINA1
23303,ENSG00000090060,PAPOLA
23340,ENSG00000100811,YY1
23344,ENSG00000140105,WARS
23377,ENSG00000078304,PPP2R5C
23403,ENSG00000100664,EIF5
23404,ENSG00000075413,MARK3
23412,ENSG00000256053,APOPT1
23423,ENSG00000156411,C14orf2
23441,ENSG00000184990,SIVA1
23466,ENSG00000213145,CRIP1
23554,ENSG00000185115,NDNL2
23609,ENSG00000128463,EMC4
23612,ENSG00000182117,NOP10
23685,ENSG00000128928,IVD
23696,ENSG00000137880,GCHFR
23741,ENSG00000166887,VPS39
23747,ENSG00000092531,SNAP23
23760,ENSG00000166946,CCNDBP1
23775,ENSG00000167004,PDIA3
23790,ENSG00000179523,EIF3J-AS1
23791,ENSG00000104131,EIF3J
23792,ENSG00000104133,SPG11
23795,ENSG00000185880,TRIM69
23846,ENSG00000255302,EID1
23851,ENSG00000156958,GALK2
23881,ENSG00000140280,LYSMD2
23908,ENSG00000137876,RSL24D1
23926,ENSG00000247982,LINC00926
23946,ENSG00000137776,SLTM
23955,ENSG00000140299,BNIP2
23962,ENSG00000069667,RORA
23973,ENSG00000129003,VPS13C
23991,ENSG00000185088,RPS27L
23997,ENSG00000140455,USP3
24000,ENSG00000103657,HERC1
24013,ENSG00000180304,OAZ2
24022,ENSG00000090487,SPG21
24034,ENSG00000074603,DPP8
24048,ENSG00000174446,SNAPC5
24114,ENSG00000067225,PKM
24119,ENSG00000213614,HEXA
24130,ENSG00000159322,ADPGK
24167,ENSG00000103653,CSK
24171,ENSG00000140497,SCAMP2
24194,ENSG00000177971,IMP3
24203,ENSG00000140367,UBE2Q2
24213,ENSG00000117906,RCN2
24214,ENSG00000140368,PSTPIP1
24237,ENSG00000140395,WDR61
24244,ENSG00000041357,PSMA4
24251,ENSG00000185787,MORF4L1
24252,ENSG00000103811,CTSH
24257,ENSG00000166557,TMED3
24261,ENSG00000136371,MTHFS
24268,ENSG00000086666,ZFAND6
24282,ENSG00000117899,MESDC2
24284,ENSG00000140406,MESDC1
24286,ENSG00000172349,IL16
24306,ENSG00000182774,RPS17L
24341,ENSG00000140612,SEC11A
24347,ENSG00000170776,AKAP13
24368,ENSG00000181991,MRPS11
24371,ENSG00000181026,AEN
24372,ENSG00000172183,ISG20
24375,ENSG00000140511,HAPLN3
24402,ENSG00000182054,IDH2
24424,ENSG00000140553,UNC45A
24542,ENSG00000131871,VIMP
24543,ENSG00000131876,SNRPA1
24557,ENSG00000161980,POLR3K
24577,ENSG00000086504,MRPL28
24579,ENSG00000103202,NME4
24597,ENSG00000103266,STUB1
24633,ENSG00000103275,UBE2I
24636,ENSG00000007520,TSR3
24643,ENSG00000103249,CLCN7
24659,ENSG00000103024,NME3
24660,ENSG00000074071,MRPS34
24662,ENSG00000162032,SPSB3
24665,ENSG00000063854,HAGH
24672,ENSG00000140990,NDUFB10
24679,ENSG00000127554,GFER
24686,ENSG00000065057,NTHL1
24693,ENSG00000131653,TRAF7
24695,ENSG00000167965,MLST8
24704,ENSG00000205937,RNPS1
24730,ENSG00000167978,SRRM2
24731,ENSG00000103363,TCEB2
24752,ENSG00000131652,THOC6
24803,ENSG00000103415,HMOX2
24810,ENSG00000168101,NUDT16L1
24844,ENSG00000153048,CARHSP1
24886,ENSG00000189067,LITAF
24892,ENSG00000171490,RSL1D1
24906,ENSG00000103381,CPPED1
24979,ENSG00000170540,ARL6IP1
25001,ENSG00000103550,KNOP1
25035,ENSG00000197006,METTL9
25036,ENSG00000140749,IGSF6
25066,ENSG00000004779,NDUFAB1
25077,ENSG00000166501,PRKCB
25081,ENSG00000122257,RBBP6
25114,ENSG00000169180,XPO6
25136,ENSG00000178952,TUFM
25145,ENSG00000169682,SPNS1
25147,ENSG00000213658,LAT
25168,ENSG00000103495,MAZ
25176,ENSG00000013364,MVP
25177,ENSG00000103502,CDIPT
25183,ENSG00000149932,TMEM219
25193,ENSG00000090238,YPEL3
25205,ENSG00000169217,CD2BP2
25210,ENSG00000180096,SEPT1
25213,ENSG00000179958,DCTPP1
25215,ENSG00000005844,ITGAL
25230,ENSG00000156858,PRR14
25245,ENSG00000175938,ORAI3
25250,ENSG00000103496,STX4
25258,ENSG00000167397,VKORC1
25264,ENSG00000089280,FUS
25267,ENSG00000103490,PYCARD
25291,ENSG00000185947,ZNF267
25336,ENSG00000069329,VPS35
25350,ENSG00000102893,PHKB
25425,ENSG00000103479,RBL2
25465,ENSG00000125148,MT2A
25475,ENSG00000187193,MT1X
25479,ENSG00000051108,HERPUD1
25481,ENSG00000140853,NLRC5
25487,ENSG00000102931,ARL2BP
25510,ENSG00000103005,USB1
25561,ENSG00000217555,CKLF
25573,ENSG00000159593,NAE1
25581,ENSG00000166595,FAM96B
25588,ENSG00000102871,TRADD
25599,ENSG00000168701,TMEM208
25609,ENSG00000159720,ATP6V0D1
25629,ENSG00000102898,NUTF2
25636,ENSG00000205220,PSMB10
25642,ENSG00000167264,DUS2
25645,ENSG00000072736,NFATC3
25666,ENSG00000141076,CIRH1A
25678,ENSG00000103018,CYB5B
25683,ENSG00000141101,NOB1
25763,ENSG00000103035,PSMD7
25784,ENSG00000153774,CFDP1
25792,ENSG00000034713,GABARAPL2
25794,ENSG00000065427,KARS
25795,ENSG00000166848,TERF2IP
25869,ENSG00000230989,HSBP1
25894,ENSG00000135686,KLHL36
25908,ENSG00000154102,C16orf74
25946,ENSG00000140941,MAP1LC3B
25978,ENSG00000158717,RNF166
25990,ENSG00000167515,TRAPPC2L
26026,ENSG00000141002,TCF25
26056,ENSG00000167699,GLOD4
26069,ENSG00000108953,YWHAE
26079,ENSG00000174231,PRPF8
26087,ENSG00000132383,RPA1
26135,ENSG00000213977,TAX1BP3
26137,ENSG00000127774,EMC6
26138,ENSG00000083454,P2RX5
26139,ENSG00000083457,ITGAE
26148,ENSG00000074370,ATP2A3
26154,ENSG00000132388,UBE2G1
26168,ENSG00000141480,ARRB2
26176,ENSG00000142507,PSMB6
26183,ENSG00000108528,SLC25A11
26184,ENSG00000108523,RNF167
26187,ENSG00000091640,SPAG7
26210,ENSG00000108561,C1QBP
26221,ENSG00000129235,TXNDC17
26226,ENSG00000132530,XAF1
26258,ENSG00000132507,EIF5A
26262,ENSG00000072818,ACAP1
26269,ENSG00000205544,TMEM256
26286,ENSG00000129226,CD68
26288,ENSG00000129255,MPDU1
26293,ENSG00000141504,SAT2
26301,ENSG00000183011,LSMD1
26318,ENSG00000220205,VAMP2
26321,ENSG00000196544,C17orf59
26323,ENSG00000178977,LINC00324
26329,ENSG00000108961,RANGRF
26340,ENSG00000166579,NDEL1
26351,ENSG00000170310,STX8
26449,ENSG00000011295,TTC19
26450,ENSG00000141027,NCOR1
26478,ENSG00000141030,COPS3
26497,ENSG00000091542,ALKBH5
26499,ENSG00000177731,FLII
26517,ENSG00000141127,PRPSAP2
26585,ENSG00000034152,MAP2K3
26605,ENSG00000109046,WSB1
26611,ENSG00000168961,LGALS9
26628,ENSG00000004142,POLDIP2
26640,ENSG00000109103,UNC119
26649,ENSG00000132581,SDF2
26691,ENSG00000141298,SSH2
26714,ENSG00000176390,CRLF3
26730,ENSG00000126860,EVI2A
26748,ENSG00000010244,ZNF207
26805,ENSG00000205045,SLFN12L
26820,ENSG00000172660,TAF15
26854,ENSG00000005955,GGNBP2
26881,ENSG00000174100,MRPL45
26893,ENSG00000230055,CISD3
26896,ENSG00000108294,PSMB3
26901,ENSG00000002834,LASP1
26927,ENSG00000141741,MIEN1
26937,ENSG00000108344,PSMD3
26943,ENSG00000188895,MSL1
26957,ENSG00000126353,CCR7
26958,ENSG00000073584,SMARCE1
26967,ENSG00000186395,KRT10
27047,ENSG00000108774,RAB5C
27055,ENSG00000168610,STAT3
27064,ENSG00000141699,FAM134C
27090,ENSG00000068079,IFI35
27131,ENSG00000108312,UBTF
27140,ENSG00000030582,GRN
27143,ENSG00000186566,GPATCH8
27173,ENSG00000184922,FMNL1
27219,ENSG00000108424,KPNB1
27236,ENSG00000108465,CDK5RAP3
27268,ENSG00000136436,CALCOCO2
27269,ENSG00000159199,ATP5G1
27271,ENSG00000159210,SNF8
27280,ENSG00000108798,ABI3
27286,ENSG00000167085,PHB
27294,ENSG00000121073,SLC35B1
27323,ENSG00000108826,MRPL27
27325,ENSG00000108829,LRRC59
27341,ENSG00000108848,LUC7L3
27366,ENSG00000166260,COX11
27387,ENSG00000121064,SCPEP1
27396,ENSG00000181610,MRPS23
27399,ENSG00000136451,VEZF1
27413,ENSG00000265206,MIR142
27436,ENSG00000141367,CLTC
27438,ENSG00000062716,VMP1
27500,ENSG00000087191,PSMC5
27507,ENSG00000007312,CD79B
27512,ENSG00000108622,ICAM2
27560,ENSG00000108946,PRKAR1A
27627,ENSG00000167851,CD300A
27638,ENSG00000109062,SLC9A3R1
27652,ENSG00000167863,ATP5H
27655,ENSG00000125458,NT5C
27656,ENSG00000189159,HN1
27661,ENSG00000125445,MRPS7
27662,ENSG00000125457,MIF4GD
27665,ENSG00000177885,GRB2
27676,ENSG00000161526,SAP30BP
27680,ENSG00000108479,GALK1
27684,ENSG00000092929,UNC13D
27721,ENSG00000181038,METTL23
27732,ENSG00000184640,SEPT9
27744,ENSG00000108639,SYNGR2
27752,ENSG00000184557,SOCS3
27754,ENSG00000087157,PGS1
27760,ENSG00000108669,CYTH1
27766,ENSG00000108679,LGALS3BP
27787,ENSG00000141543,EIF4A3
27792,ENSG00000173821,RNF213
27816,ENSG00000224877,C17orf89
27832,ENSG00000204237,OXLD1
27837,ENSG00000262814,MRPL12
27844,ENSG00000185624,P4HB
27847,ENSG00000141522,ARHGDIA
27851,ENSG00000141552,ANAPC11
27865,ENSG00000169689,STRA13
27868,ENSG00000169738,DCXR
27878,ENSG00000141526,SLC16A3
27883,ENSG00000173762,CD7
27890,ENSG00000178927,C17orf62
27900,ENSG00000141560,FN3KRP
27917,ENSG00000101557,USP14
27962,ENSG00000177426,TGIF1
28011,ENSG00000178127,NDUFV2
28014,ENSG00000101745,ANKRD12
28025,ENSG00000101558,VAPA
28048,ENSG00000255112,CHMP1B
28051,ENSG00000154889,MPPE1
28070,ENSG00000128789,PSMG2
28075,ENSG00000175354,PTPN2
28116,ENSG00000167088,SNRPD1
28118,ENSG00000158201,ABHD3
28139,ENSG00000141452,C18orf8
28230,ENSG00000172466,ZNF24
28245,ENSG00000134779,TPGS2
28273,ENSG00000152240,HAUS1
28289,ENSG00000134049,IER3IP1
28293,ENSG00000175387,SMAD2
28305,ENSG00000177576,C18orf32
28312,ENSG00000167315,ACAA2
28357,ENSG00000091164,TXNL1
28389,ENSG00000166562,SEC11C
28400,ENSG00000141682,PMAIP1
28492,ENSG00000133313,CNDP2
28552,ENSG00000141759,TXNL4A
28572,ENSG00000125826,RBCK1
28574,ENSG00000101266,CSNK2A1
28583,ENSG00000125818,PSMF1
28592,ENSG00000088832,FKBP1A
28593,ENSG00000088833,NSFL1C
28608,ENSG00000125835,SNRPB
28612,ENSG00000101361,NOP56
28613,ENSG00000101365,IDH3B
28624,ENSG00000125901,MRPS26
28631,ENSG00000198171,DDRGK1
28632,ENSG00000125877,ITPA
28640,ENSG00000101220,C20orf27
28660,ENSG00000089063,TMEM230
28735,ENSG00000125870,SNRPB2
28740,ENSG00000125868,DSTN
28744,ENSG00000089006,SNX5
28748,ENSG00000232838,PET117
28757,ENSG00000101310,SEC23B
28758,ENSG00000232388,LINC00493
28771,ENSG00000173418,NAA20
28807,ENSG00000132661,NXT1
28817,ENSG00000101439,CST3
28832,ENSG00000077984,CST7
28877,ENSG00000088356,PDRG1
28881,ENSG00000101336,HCK
28893,ENSG00000149600,COMMD7
28895,ENSG00000101367,MAPRE1
28925,ENSG00000125970,RALY
28928,ENSG00000125977,EIF2S2
28933,ENSG00000125971,DYNLRB1
28949,ENSG00000242372,EIF6
28959,ENSG00000125991,ERGIC3
28965,ENSG00000125995,ROMO1
28966,ENSG00000131051,RBM39
28968,ENSG00000171222,SCAND1
28983,ENSG00000101084,C20orf24
28989,ENSG00000101347,SAMHD1
28993,ENSG00000118705,RPN2
28997,ENSG00000166619,BLCAP
29026,ENSG00000204103,MAFB
29050,ENSG00000132823,OSER1
29066,ENSG00000196839,ADA
29076,ENSG00000101109,STK4
29091,ENSG00000124155,PIGT
29118,ENSG00000064601,CTSA
29158,ENSG00000124228,DDX27
29166,ENSG00000124226,RNF114
29171,ENSG00000240849,TMEM189
29175,ENSG00000172216,CEBPB
29176,ENSG00000224397,RP11-290F20.3
29184,ENSG00000124243,BCAS4
29187,ENSG00000000419,DPM1
29226,ENSG00000022277,RTFDC1
29242,ENSG00000132819,RBM38
29258,ENSG00000124222,STX16
29265,ENSG00000087460,GNAS
29268,ENSG00000101160,CTSZ
29271,ENSG00000101166,SLMO2
29295,ENSG00000101181,MTG2
29298,ENSG00000130706,ADRM1
29321,ENSG00000101189,MRGBP
29327,ENSG00000101193,GID8
29355,ENSG00000197457,STMN3
29380,ENSG00000171703,TCEA2
29382,ENSG00000171700,RGS19
29403,ENSG00000141933,TPGS1
29405,ENSG00000197540,GZMM
29407,ENSG00000172270,BSG
29414,ENSG00000070423,RNF126
29423,ENSG00000011304,PTBP1
29428,ENSG00000197766,CFD
29430,ENSG00000198858,R3HDM4
29442,ENSG00000180448,HMHA1
29443,ENSG00000099817,POLR2E
29453,ENSG00000228300,C19orf24
29458,ENSG00000115286,NDUFS7
29461,ENSG00000071626,DAZAP1
29465,ENSG00000119559,C19orf25
29495,ENSG00000099875,MKNK2
29511,ENSG00000099800,TIMM13
29514,ENSG00000099860,GADD45B
29515,ENSG00000176533,GNG7
29538,ENSG00000125910,S1PR4
29560,ENSG00000183617,MRPL54
29562,ENSG00000007264,MATK
29570,ENSG00000178951,ZBTB7A
29575,ENSG00000105246,EBI3
29589,ENSG00000167671,UBXN6
29600,ENSG00000074842,C19orf10
29617,ENSG00000130254,SAFB2
29620,ENSG00000174917,C19orf70
29633,ENSG00000174886,NDUFA11
29650,ENSG00000125656,CLPP
29651,ENSG00000125652,ALKBH7
29697,ENSG00000229833,PET100
29701,ENSG00000076944,STXBP2
29703,ENSG00000183019,C19orf59
29719,ENSG00000104976,SNAPC2
29732,ENSG00000267855,NDUFA7
29738,ENSG00000099785,MARCH2
29743,ENSG00000142347,MYO1F
29783,ENSG00000127445,PIN1
29788,ENSG00000130813,C19orf66
29798,ENSG00000105364,MRPL4
29810,ENSG00000076662,ICAM3
29812,ENSG00000105401,CDC37
29820,ENSG00000129353,SLC44A2
29822,ENSG00000267100,ILF3-AS1
29827,ENSG00000214212,C19orf38
29841,ENSG00000105518,TMEM205
29849,ENSG00000130175,PRKCSH
29853,ENSG00000130159,ECSIT
29902,ENSG00000105583,WDR83OS
29910,ENSG00000198356,ASNA1
29915,ENSG00000167815,PRDX2
29928,ENSG00000179218,CALR
29930,ENSG00000179262,RAD23A
29931,ENSG00000179271,GADD45GIP1
29945,ENSG00000104957,CCDC130
29948,ENSG00000104979,C19orf53
29952,ENSG00000267519,MIR24-2
29975,ENSG00000123146,CD97
29977,ENSG00000123136,DDX39A
29978,ENSG00000123143,PKN1
29981,ENSG00000132002,DNAJB1
29982,ENSG00000099797,TECR
29983,ENSG00000099795,NDUFB7
30010,ENSG00000105122,RASAL3
30026,ENSG00000167460,TPM4
30028,ENSG00000167461,RAB8A
30030,ENSG00000196684,HSH2D
30032,ENSG00000105058,FAM32A
30034,ENSG00000072958,AP1M1
30051,ENSG00000214046,SMIM7
30060,ENSG00000099331,MYO9B
30065,ENSG00000053501,USE1
30074,ENSG00000130312,MRPL34
30075,ENSG00000130311,DDA1
30081,ENSG00000130303,BST2
30092,ENSG00000130313,PGLS
30108,ENSG00000105643,ARRDC2
30114,ENSG00000216490,IFI30
30120,ENSG00000130522,JUND
30121,ENSG00000130520,LSM4
30125,ENSG00000130511,SSBP4
30130,ENSG00000105701,FKBP8
30132,ENSG00000105700,KXD1
30137,ENSG00000006015,C19orf60
30148,ENSG00000105671,DDX49
30159,ENSG00000064490,RFXANK
30275,ENSG00000169021,UQCRFS1
30312,ENSG00000105185,PDCD5
30338,ENSG00000124299,PEPD
30342,ENSG00000257103,LSM14A
30345,ENSG00000105220,GPI
30382,ENSG00000105698,USF2
30398,ENSG00000105677,TMEM147
30403,ENSG00000126254,RBM42
30410,ENSG00000126246,IGFLR1
30413,ENSG00000205155,PSENEN
30427,ENSG00000167604,NFKBID
30429,ENSG00000011600,TYROBP
30433,ENSG00000205138,SDHAF1
30441,ENSG00000105258,POLR2I
30442,ENSG00000105254,TBCB
30443,ENSG00000126247,CAPNS1
30449,ENSG00000232677,LINC00665
30507,ENSG00000167642,SPINT2
30516,ENSG00000099341,PSMD8
30536,ENSG00000104823,ECH1
30539,ENSG00000104824,HNRNPL
30547,ENSG00000128626,MRPS12
30585,ENSG00000105202,FBL
30587,ENSG00000013275,PSMC4
30601,ENSG00000197019,SERTAD1
30604,ENSG00000090013,BLVRB
30606,ENSG00000160410,SHKBP1
30612,ENSG00000077312,SNRPA
30628,ENSG00000105323,HNRNPUL1
30629,ENSG00000105329,TGFB1
30635,ENSG00000077348,EXOSC5
30656,ENSG00000105369,CD79A
30657,ENSG00000076928,ARHGEF1
30658,ENSG00000105404,RABAC1
30663,ENSG00000028277,POU2F2
30666,ENSG00000160570,DEDD2
30668,ENSG00000105723,GSK3A
30673,ENSG00000079462,PAFAH1B3
30709,ENSG00000131116,ZNF428
30757,ENSG00000130204,TOMM40
30775,ENSG00000007255,TRAPPC6A
30791,ENSG00000125753,VASP
30837,ENSG00000160014,CALM3
30843,ENSG00000105287,PRKD2
30848,ENSG00000042753,AP2S1
30851,ENSG00000130748,TMEM160
30857,ENSG00000197405,C5AR1
30873,ENSG00000178980,SEPW1
30904,ENSG00000105443,CYTH2
30926,ENSG00000087074,PPP1R15A
30928,ENSG00000104805,NUCB1
30931,ENSG00000087088,BAX
30935,ENSG00000183207,RUVBL2
30949,ENSG00000104852,SNRNP70
30966,ENSG00000104872,PIH1D1
30969,ENSG00000090554,FLT3LG
30973,ENSG00000104870,FCGRT
30975,ENSG00000142546,NOSIP
30983,ENSG00000126457,PRMT1
30993,ENSG00000104960,PTOV1
30997,ENSG00000039650,PNKP
31072,ENSG00000105379,ETFB
31075,ENSG00000105374,NKG7
31095,ENSG00000171051,FPR1
31114,ENSG00000105568,PPP2R1A
31168,ENSG00000179820,MYADM
31176,ENSG00000170909,OSCAR
31177,ENSG00000170906,NDUFA3
31182,ENSG00000105617,LENG1
31185,ENSG00000170892,TSEN34
31271,ENSG00000171443,ZNF524
31390,ENSG00000267216,AC010642.1
31414,ENSG00000130724,CHMP2A
31493,ENSG00000198692,EIF1AY
31560,ENSG00000131100,ATP6V1E1
31562,ENSG00000015475,BID
31588,ENSG00000185608,MRPL40
31590,ENSG00000070010,UFD1L
31610,ENSG00000099901,RANBP1
31661,ENSG00000185651,UBE2L3
31665,ENSG00000128228,SDF2L1
31695,ENSG00000159496,RGL4
31698,ENSG00000128218,VPREB3
31700,ENSG00000250479,CHCHD10
31703,ENSG00000099956,SMARCB1
31708,ENSG00000240972,MIF
31714,ENSG00000099977,DDT
31728,ENSG00000100028,SNRPD3
31759,ENSG00000128294,TPST2
31786,ENSG00000100219,XBP1
31796,ENSG00000182944,EWSR1
31810,ENSG00000184076,UQCR10
31830,ENSG00000242114,MTFP1
31849,ENSG00000198832,SELM
31855,ENSG00000100100,PIK3IP1
31868,ENSG00000128245,YWHAH
31885,ENSG00000100220,RTCB
31909,ENSG00000100292,HMOX1
31910,ENSG00000100297,MCM5
31919,ENSG00000128284,APOL3
31923,ENSG00000100345,MYH9
31926,ENSG00000100348,TXN2
31928,ENSG00000100353,EIF3D
31941,ENSG00000128309,MPST
31945,ENSG00000100385,IL2RB
31954,ENSG00000100060,MFNG
31958,ENSG00000100079,LGALS2
31959,ENSG00000100083,GGA1
31960,ENSG00000100092,SH3BP1
31964,ENSG00000100101,NOL12
31974,ENSG00000100142,POLR2F
31991,ENSG00000100201,DDX17
31997,ENSG00000100216,TOMM22
32001,ENSG00000100242,SUN2
32008,ENSG00000183741,CBX6
32016,ENSG00000239713,APOBEC3G
32028,ENSG00000128272,ATF4
32029,ENSG00000187051,RPS19BP1
32047,ENSG00000100387,RBX1
32051,ENSG00000100395,L3MBTL2
32060,ENSG00000100410,PHF5A
32065,ENSG00000100418,DESI1
32066,ENSG00000196419,XRCC6
32069,ENSG00000167077,MEI1
32092,ENSG00000189306,RRP7A
32094,ENSG00000100227,POLDIP3
32121,ENSG00000138964,PARVG
32144,ENSG00000130638,ATXN10
32165,ENSG00000054611,TBC1D22A
32193,ENSG00000170638,TRABD
32200,ENSG00000100429,HDAC10
32213,ENSG00000130489,SCO2
32215,ENSG00000025708,TYMP
32246,ENSG00000155307,SAMSN1
32322,ENSG00000154723,ATP5J
32345,ENSG00000198862,LTN1
32348,ENSG00000156256,USP16
32349,ENSG00000156261,CCT8
32398,ENSG00000142168,SOD1
32416,ENSG00000159079,C21orf59
32442,ENSG00000159140,SON
32448,ENSG00000241837,ATP5O
32451,ENSG00000243927,MRPS6
32476,ENSG00000159228,CBR1
32495,ENSG00000182670,TTC3
32499,ENSG00000157538,DSCR3
32543,ENSG00000157601,MX1
32565,ENSG00000160185,UBASH3A
32581,ENSG00000160201,U2AF1
32595,ENSG00000160213,CSTB
32601,ENSG00000160221,C21orf33
32643,ENSG00000184900,SUMO3
32646,ENSG00000227039,ITGB2-AS1
32695,ENSG00000160310,PRMT2
32703,ENSG00000198840,MT-ND3
32704,ENSG00000212907,MT-ND4L
